{"all": {"bnp_m": 49.29947065695139, "bnp_f": 49.20202436071139, "jam_m": 31.277154387488782, "jam_f": 33.01043632007492}, "BNP": {"bnp_m": 54.83616077727671, "bnp_f": 55.3765951809174, "jam_m": 27.7348216043768, "jam_f": 28.64827945782425}, "Jamaat": {"bnp_m": 39.82654964062045, "bnp_f": 38.022359013881015, "jam_m": 49.97695132868668, "jam_f": 53.27340074888182}}