{"all": {"bnp_m": 49.73177116255725, "bnp_f": 49.69008819803876, "jam_m": 31.21700109636345, "jam_f": 32.81359520132524}, "BNP": {"bnp_m": 54.76581180856033, "bnp_f": 55.17796609560725, "jam_m": 28.08998263161202, "jam_f": 28.978816758387204}, "Jamaat": {"bnp_m": 40.47350066857518, "bnp_f": 38.57396499118305, "jam_m": 49.91251088734815, "jam_f": 53.23419453457735}}